{
	"id": "f094bd99b04e331823d2df63473309cd",
	"_format": "hh-sol-build-info-1",
	"solcVersion": "0.8.18",
	"solcLongVersion": "0.8.18+commit.87f61d96",
	"input": {
		"language": "Solidity",
		"sources": {
			"contracts/StampAndExtend.sol": {
				"content": "// SPDX-License-Identifier: MIT\r\n\r\npragma solidity ^0.8.18;\r\n\r\n//Only the public lists HS and C, pk A \r\n\r\n//Implement the read operations for HS,C,A for anyone\r\n\r\n//Implement events for communication with TSA (TimestampRequested,TimestampIssued)\r\n\r\n//Implement write operations to HS and C for a trusted party\r\n\r\n//Implement a submission of a value to be timestamped\r\n\r\n//Implement a verification algorithm for a timestamp"
			}
		},
		"settings": {
			"optimizer": {
				"enabled": false,
				"runs": 200
			},
			"outputSelection": {
				"*": {
					"": [
						"ast"
					],
					"*": [
						"abi",
						"metadata",
						"devdoc",
						"userdoc",
						"storageLayout",
						"evm.legacyAssembly",
						"evm.bytecode",
						"evm.deployedBytecode",
						"evm.methodIdentifiers",
						"evm.gasEstimates",
						"evm.assembly"
					]
				}
			}
		}
	},
	"output": {
		"sources": {
			"contracts/StampAndExtend.sol": {
				"ast": {
					"absolutePath": "contracts/StampAndExtend.sol",
					"exportedSymbols": {},
					"id": 2,
					"license": "MIT",
					"nodeType": "SourceUnit",
					"nodes": [
						{
							"id": 1,
							"literals": [
								"solidity",
								"^",
								"0.8",
								".18"
							],
							"nodeType": "PragmaDirective",
							"src": "35:24:0"
						}
					],
					"src": "35:387:0"
				},
				"id": 0
			}
		}
	}
}